016-P,EVERYDAY CANVAS PRINTED PLACEMAT,"6 Assorted Designs
 13"" X 19""
 Case Pack: 144
 Unit Price: $ 0.55 each
",$79.20,instock,https://www.livingfashions.com/wp-content/uploads/products/016-p.jpg
C100-P,EVERYDAY TAPESTRY STOCK PLACEMATS,"6 Assorted Designs
 13""x19""
 Case Pack: 144
 Unit Price: 0.55 each
  
 *No UPC code*
 *Products shipped may not look the same as pictured on website. Case includes five assorted designs choosen from our collection to be shipped*
",$79.20,instock,https://www.livingfashions.com/wp-content/uploads/products/c100-p.jpg
0103-CP,GINGHAM CHECK CHAIRPAD,"4 Assorted Colors
 16"" X 16""
 Case Pack: 16
 Unit Price: $ 5.00 each
 100% Cotton
",$80.00,instock,https://www.livingfashions.com/wp-content/uploads/products/0103-cp.jpg
513-TH,JACQUARD COTTON THROW BLANKET,"4 Assorted Designs
 50""x 60"", 750-775 grams
 Case Pack: 12
 Unit Price: $7.00 each
",$84.00,instock,https://www.livingfashions.com/wp-content/uploads/products/513-th.jpg
212-KT,FUNNY POM POM PRINTED KITCHEN TOWEL,"5 Designs - 16""x28""
 Case Pack: 60
 Unit Price: $ 2.00 each
 Herringbone
  
 ""You Wash, I'll Dry""
 ""Coffee Keeps Me Busy Until Its Time to Drink Wine""
 ""A Recipe Without Butter is a Recipe for Disaster""
 ""Friends are Therapists You Can Drink With""
 ""I Love Cooking with Wine ....Sometimes, I Even Put it in the Food""
",$120.00,instock,https://www.livingfashions.com/wp-content/uploads/products/212-kt.jpg
223-KT,INSPIRE ME SAYINGS KITCHEN TOWEL,"5 Designs - 16""x28""
 Case Pack: 60
 Unit Price: $ 1.25 each
  
 ""Bee Kind""
 ""It Will Never Be Perfect. Make It Work. - Life""
 ""Today is a Good Day to Have A Good Day""
 ""Not All Who Wander Are Lost""
 ""This Home is Blessed""
",$75.00,instock,https://www.livingfashions.com/wp-content/uploads/products/223-kt.jpg
207-KT,Vintage Saying Tea Towel ,"5 Assorted Design
 16"" X 28""
 Case Pack: 60
 Unit Price: $ 1.25 each
",$75.00,instock,https://www.livingfashions.com/wp-content/uploads/products/207-kt.jpg
205-KT (New Style),Spring/Summer Fun Kitchen Towel ,"5 Designs - 12 each
 16 x 28""
 Case Pack: 60
 Unit Price: $ 1.25 each
 White Flour Sack
  
 ""Wine Because No Great Story Ever Started with a Salad""
 ""Bless Our Nest""
 ""Let's Avocuddle""
 ""Together is a Beautiful Place To Be""
 ""Life is Sweet""
",$75.00,instock,https://www.livingfashions.com/wp-content/uploads/products/205-kt (new style).jpg
695-PH,SOLID QUILTED POTHOLDER,"2 Pieces; 6 Colors
 6.75"" x  6.75""
 Master Pack: 144
 Unit Price: $ 0.80 each
 Weight: 53-55g /set
  
",$115.20,instock,https://www.livingfashions.com/wp-content/uploads/products/695-ph.jpg
680-OM,SOLID QUILTED OVEN MITTS,"6 Colors
 13"" - 75-80g
 Master Pack: 144
 Unit price: $ 0.80 each
  
",$115.20,instock,https://www.livingfashions.com/wp-content/uploads/products/680-om.jpg
909-HP,TABLE MAT SURFACE PROTECTORS,"2/Set (Solid Color) - 4 Colors 
 9"" Round 
 Case Pack: 48
 Unit Price: $ 1.00 each
",$48.00,instock,https://www.livingfashions.com/wp-content/uploads/products/909-hp.jpg
214-KT,FARMERS TABLE PRINTED KITCHEN TOWEL,"5 Designs - 16""x28""
 Case Pack: 60
 Unit Price: $ 1.25 each
 Flat Woven Material
  
 ""Farm to Table""
 ""Wakey, Wakey, Eggs & Bakey""
",$75.00,outofstock,https://www.livingfashions.com/wp-content/uploads/products/214-kt.jpg
216-KT,LOVE MY DOG PRINTED KITCHEN TOWEL,"5 Designs - 16""x28""
 Case Pack: 60
 Unit Price: $ 1.25 each
 Herringbone
  
 ""Cold Nose, Warm Heart""
 ""I Work Hard So My Dog Can Have A Better Life""
 ""Dog Mother, Wine Lover""
 ""When I Needed A Hand, I Found Your Paw""
 ""Love is a Four-Legged Word""
",$75.00,instock,https://www.livingfashions.com/wp-content/uploads/products/216-kt.jpg
219-PET,PET DISH MAT,"3 Designs - 13""X19""
 Case Pack: 36
 Unit Price: $ 2.50 each
",$90.00,instock,https://www.livingfashions.com/wp-content/uploads/products/219-pet.jpg
7070-HT,HAND TOWEL WITH VISCOSE BORDER,"1 pack; 6 Colors
 16"" x 25""
 Master Pack: 72
 Unit Price: $ 0.85 each
 Weight: 2.60 lbs/dzn
",$61.20,instock,https://www.livingfashions.com/wp-content/uploads/products/7070-ht.jpg
7060-BT,BATH TOWEL WITH VISCOSE BORDER ,"6 Colors - 4 ea
 27"" x 54""
 Master Pack: 24
 Unit Price: $ 3.86 each
 Weight: 12 lbs/dzn
",$92.64,instock,https://www.livingfashions.com/wp-content/uploads/products/7060-bt.jpg
7080-WC,WASH CLOTH WITH VISCOSE BORDER ,"2 Packs; 6 colors
 12"" x 12""
 Master Pack: 72
 Unit Price: $ 0.85 each
 Weight: 1.20 lbs/dzn
",$61.20,instock,https://www.livingfashions.com/wp-content/uploads/products/7080-wc.jpg
2030-BM,BATH MAT 100% COTTON,"6 Assorted Colors - Tan, Ivory, Charcol, Light Grey... Blues
 20"" X 30""
 Master pack: 24
 Unit Price: $ 3.50 each
 140 GSF
",$84.00,instock,https://www.livingfashions.com/wp-content/uploads/products/2030-bm.jpg
919-AP,SAYING PRINTED APRON ,"4 Assorted Designs
 19"" X 30""
 Case Pack: 72
 Unit Price: $ 1.25 each
  
 ""Bee Kind"" Apron - Pair with item 223 KT
 ""If I Have to Stir it, it's Homemade"" Apron - Pair with item 088 KT
 ""Bless Our Nest"" Apron - Pair with item 215 KT
 ""Farm to Table"" Apron - Pair with item 214 KT
",$90.00,instock,https://www.livingfashions.com/wp-content/uploads/products/919-ap.jpg
SW9900-PP,COTTON APRONS W/ POCKET PREPACK,"Item Size: 24""x30""
 6 Designs - 1 Pocket Pouch - 6 Aprons Each
 Case Pack: 36
 Unit Price: $ 2.00 each
  
 ""Best Mom Ever""
 ""Only the Best Moms are Promoted to Grandma""
 ""Keep Calm and Bake On""
 ""I Love Cooking With Wine. Sometimes I Even Put it in the Food"" -Match with 212-KT
 ""Bee Kind""- Match with 1126 KT
 ""Life is Too Short, Lick the Bowl"" - Match with 215 KT
",$72.00,instock,https://www.livingfashions.com/wp-content/uploads/products/sw9900-pp.jpg
988-AP,BUFFALO PLAID WOVEN APRON,"4 Colors
 24"" X 30""
 Case Pack: 48
 Unit Price: $ 3.00 each
  
 100% Cotton
 Match with item 388 KT, 188-P, 688-OP & 888-R
",$144.00,instock,https://www.livingfashions.com/wp-content/uploads/products/988-ap.jpg
NA-703,"FLOUR SACK KITCHEN TOWEL, WHITE","26""X26""
 Case Pack: 72
 Unit Price: $ 0.95 each
",$68.40,instock,https://www.livingfashions.com/wp-content/uploads/products/na-703.jpg
187-P,GINGHAM CHECK PLACEMAT ,"36 Burgandy  / 24 Navy Blue  /12 Black
 13"" X 19""
 Case Pack: 72
 Unit Price: $ 0.80 each
",$57.60,instock,https://www.livingfashions.com/wp-content/uploads/products/187-p.jpg
888-R,BUFFALO PLAID WOVEN RUNNER,"4 Colors
 13""x48""
 Case Pack: 36
 Unit Price: $3.00 each
 100% Cotton
  
 Match with item 388-KT, 688-OP, 988-AP & 188-P
",$108.00,instock,https://www.livingfashions.com/wp-content/uploads/products/888-r.jpg
388-KT,1PK BUFFALO PLAID WOVEN KITCHEN TOWEL," 4 Colors 
 15""x25""
 Case Pack: 72
 Unit Price: $ 0.80 each
 100% Cotton
  
 Match with item 688-OP, 188-P, 988-AP & 888-R
",$57.60,instock,https://www.livingfashions.com/wp-content/uploads/products/388-kt.jpg
688-OP,BUFFALO PLAID OVENMITS & POTHOLDERS SET,"4 Colors; 36 Ovenmits and 36 Potholders
 Case Pack: 72
 Unit Price: $ 0.80 each
  
 Match with item 388 KT, 188-P, 988-AP & 888-R
",$57.60,instock,https://www.livingfashions.com/wp-content/uploads/products/688-op.jpg
188-P,BUFFALO PLAID WOVEN PLACEMAT,"4 Colors
 13"" X 19""
 Case Pack: 72
 Unit Price: $ 0.80 each
 100% Cotton
  
 Match with item 388-KT, 688-OP, 988-AP & 888-R
",$57.60,instock,https://www.livingfashions.com/wp-content/uploads/products/188-p.jpg
887-R,"48""GINGHAM CHECK TABLE RUNNER","3 Colors
 13""x48""
 Case Pack: 36
 Unit Price: $3.00 each
",$108.00,instock,https://www.livingfashions.com/wp-content/uploads/products/887-r.jpg
287-KS,CLASSIC WOVEN KITCHEN SET,"Kitchen Towel, Pot Holder, Oven Mitt 
 3 Designs, 3 Colors - BY, NB, BK
 Case Pack: 144
 Unit Price: $ 0.80 each
  
",$115.20,instock,https://www.livingfashions.com/wp-content/uploads/products/287-ks.jpg
387-KT,CLASSIC WOVEN KITCHEN TOWEL ,"9 Designs ( Burgundy, Navy Blue, Black)
 15"" X 25"" 
 Case Pack: 72
 Unit Price: $0.80 each
",$57.60,instock,https://www.livingfashions.com/wp-content/uploads/products/387-kt.jpg
LA-KT,SAYINGS KITCHEN TOWEL,"4 Assorted Designs
 20"" x 28"", Inner 12
 Case Pack: 72
 Unit Price: $ 1.50 each
  
 ""I Legit Only Drink Water or Wine, I'm Either Hydrated or Tipsy""
 ""I Drink Wine to Make Other People More Interesting""
 ""Friends Don't Care if Your House is Clean, They Care if You Have Wine""
 ""I Just Want to Cuddle My Dog & Drink Wine""
",$108.00,instock,https://www.livingfashions.com/wp-content/uploads/products/la-kt.jpg
088-KT,FUNNY WITTY SAYINGS KITCHEN TOWELS,"6 Designs - 15""x25""
 Case Pack: 72
 Unit Price: $ 0.80 each
 Flat Woven Material
  
 ""This Kitchen is for Display Only""
 ""I Just Rescued Some Wine, It was Trapped in a Bottle""
 ""Today Will Be Positive Despite the Stupid People""
 ""Hangry Definition""
 ""Dear Weekend: Come Back. I'm Not Done With You Yet.""
 ""If I Have to Stir it, It's Homemade""
",$57.60,instock,https://www.livingfashions.com/wp-content/uploads/products/088-kt.jpg
215-KT,LOVE MY HOME PRINTED KITCHEN TOWEL,"5 Designs - 16""x28""
 Case Pack: 60
 Unit Price: $ 1.25 each
 Flour Sack Material
  
 ""Home Sweet Home""
 ""Life is Too Short, Lick the Bowl""
 ""This Kitchen is Seasoned With Love""
 ""Grandma's Motto: Love 'Em, Spoil 'Em, Send 'Em Home""
 ""Bless Our Nest""
",$75.00,instock,https://www.livingfashions.com/wp-content/uploads/products/215-kt.jpg
9990-HT,HAND TOWEL 1PK,"1 pack; 6 Colors
 16"" x 25""
 Case Pack: 72
 Unit Price: $ 0.85 each
 Weight: 2.60 lbs/dzn
",$61.20,instock,https://www.livingfashions.com/wp-content/uploads/products/9990-ht.jpg
8990-WC,WASH CLOTH,"2 Packs; 6 colors
 12"" x 12""
 Case Pack: 72
 Unit Price: $ 0.85 each
 Weight: 1.20 lbs/dzn
",$61.20,instock,https://www.livingfashions.com/wp-content/uploads/products/8990-wc.jpg
1990-BT,BATH TOWEL WITH VISCOSE BORDER ,"6 Colors - 4 ea
 24"" x 48""
 Master Pack: 24
 Unit Price: $ 3.00 each
 Weight: 9.5 lbs/dzn
",$72.00,instock,https://www.livingfashions.com/wp-content/uploads/products/1990-bt.jpg
TOT 2524,TOTE BAG SMALL ASSORTED COLORS,"4 Colors -11"" X 9"" X 3"", 260-270 GSM
 100% Cotton Canvas
 Case Pack: 48
 Unit Price: $ 1.00 Each
",$48.00,instock,https://www.livingfashions.com/wp-content/uploads/products/tot 2524.jpg
TOT 2527,APRON CHILD ASSORTED COLORS,"4 Colors - Small Apron - Ideal Age 6 & Under
 12.5"" X 19"", 270 GSM, 8 OZ
 Case Pack: 48
 Unit Price: $ 0.90 each
  
 100% Cotton Canvas
",$43.20,instock,https://www.livingfashions.com/wp-content/uploads/products/tot 2527.jpg
TOT 2523,TOTE BAG MINI ASSORTED COLORS,"4 Colors - 6"" X 5.5"", 260-270 GSM
 100% Cotton Canvas
 Case Pack: 48
 Unit Price: $ 2.45 Each
",$117.60,instock,https://www.livingfashions.com/wp-content/uploads/products/tot 2523.jpg
9900-KT,BAR MOP KITCHEN TOWELS,"5 Colors
 16""x19""
 Case Pack: 192
 Unit Price: $ 0.60 each
  
 Attention: 
 No UPC Code
 Item sold as shown - No Hooks or Tags
",$115.20,instock,https://www.livingfashions.com/wp-content/uploads/products/9900-kt.jpg
654-OP,FLORAL PRINTED OVENMITS & POTHOLDERS SET,"3 Designs; 36 Ovenmits and 36 Potholders 
 Case Pack: 72
 Unit Price: 0.80 each
  
",$57.60,outofstock,https://www.livingfashions.com/wp-content/uploads/products/654-op.jpg
354-KT,FLORAL PRINTED KITCHEN TOWEL,"3 Designs
 15"" X 25""
 Case Pack: 72
 Unit Price: $ 0.80 each
",$57.60,outofstock,https://www.livingfashions.com/wp-content/uploads/products/354-kt.jpg
26684-KT,2PK SOFT WAFFLE KITCHEN TOWELS,"2 Pack Set - 4 Colors - Red, Black, Light Blue, Grey
 20""x28""
 Case Pack: 36
 Unit Price: $ 3.00 each
",$108.00,instock,https://www.livingfashions.com/wp-content/uploads/products/26684-kt.jpg
632-OP,FRUIT PRINTED OVENMITS & POTHOLDERS SET,"3 Designs; 36 Ovenmits and 36 Potholders
 Case Pack: 72
 Unit Price: 0.80 each
  
",$57.60,outofstock,https://www.livingfashions.com/wp-content/uploads/products/632-op.jpg
332-KT,FRUIT TERRY PRINT KITCHEN TOWEL,"3 Designs
 15"" x 25""
 Case Pack: 72
 Unit Price: $ 0.80 each
  
  
",$57.60,outofstock,https://www.livingfashions.com/wp-content/uploads/products/332-kt.jpg
16710-BM,2PK TERRY BAR MOP KITCHEN TOWEL,"5 Assorted Colors
 16"" X19""
 Case Pack: 120
 Unit Price: $ 1.00 each
 100% COTTON
",$120.00,instock,https://www.livingfashions.com/wp-content/uploads/products/16710-bm.jpg
SC-KT,SOUTH CAROLINA STATE KITCHEN TOWEL,"20"" X  28""
 CASE PACK: 24
 UNIT PRICE: $ 2.50 each
  
 Floursack Material
  
",$60.00,instock,https://www.livingfashions.com/wp-content/uploads/products/sc-kt.jpg
TN-KT,TENNESSEE STATE KITCHEN TOWEL,"20"" X  28""
 CASE PACK: 24
 UNIT PRICE: $ 2.50 each
  
 Floursack Material
  
",$60.00,instock,https://www.livingfashions.com/wp-content/uploads/products/tn-kt.jpg
NC-KT,NORTH CAROLINA STATE KITCHEN TOWEL,"20"" X  28""
 CASE PACK: 24
 UNIT PRICE: $ 2.50 each
  
 Floursack Material
  
",$60.00,instock,https://www.livingfashions.com/wp-content/uploads/products/nc-kt.jpg
IN-KT,INDIANA STATE KITCHEN TOWEL,"20"" X  28""
 CASE PACK: 24
 UNIT PRICE: $ 2.50 each
  
 Floursack Material
  
",$60.00,instock,https://www.livingfashions.com/wp-content/uploads/products/in-kt.jpg
GA-KT,GEORGIA STATE KITCHEN TOWEL,"20"" X  28""
 CASE PACK: 24
 UNIT PRICE: $ 2.50 each
  
 Floursack Material
  
",$60.00,instock,https://www.livingfashions.com/wp-content/uploads/products/ga-kt.jpg
VA-KT,VIRGINIA STATE KITCHEN TOWEL,"20"" X  28""
 CASE PACK: 24
 UNIT PRICE: $ 2.50 each
  
 Floursack Material
  
",$60.00,instock,https://www.livingfashions.com/wp-content/uploads/products/va-kt.jpg
MI-KT,MICHIGAN STATE KITCHEN TOWEL,"20"" X  28""
 CASE PACK: 24
 UNIT PRICE: $ 2.50 each
  
 Floursack Material
  
",$60.00,instock,https://www.livingfashions.com/wp-content/uploads/products/mi-kt.jpg
CA-KT,CALIFORNIA STATE KITCHEN TOWEL,"20"" X  28""
 CASE PACK: 24
 UNIT PRICE: $ 2.50 each
  
 Floursack Material
  
",$60.00,instock,https://www.livingfashions.com/wp-content/uploads/products/ca-kt.jpg
TX-KT,TEXAS STATE KITCHEN TOWEL,"20"" X  28""
 CASE PACK: 24
 UNIT PRICE: $ 2.50 each
  
 Floursack Material
  
",$60.00,instock,https://www.livingfashions.com/wp-content/uploads/products/tx-kt.jpg
WI-KT,WISCONSIN STATE KITCHEN TOWEL,"20"" X  28""
 CASE PACK: 24
 UNIT PRICE: $ 2.50 each
  
 Floursack Material
  
",$60.00,instock,https://www.livingfashions.com/wp-content/uploads/products/wi-kt.jpg
OH-KT,OHIO STATE KITCHEN TOWEL,"20"" X  28""
 CASE PACK: 24
 UNIT PRICE: $ 2.50 each
  
 Floursack Material
  
",$60.00,instock,https://www.livingfashions.com/wp-content/uploads/products/oh-kt.jpg
PA-KT,PENNSYLVANIA STATE KITCHEN TOWEL,"20"" X  28""
 CASE PACK: 24
 UNIT PRICE: $ 2.50 each
  
 Floursack Material
  
",$60.00,instock,https://www.livingfashions.com/wp-content/uploads/products/pa-kt.jpg
X2512-KT,CHRISTMAS KITCHEN TOWEL,"2 Pack Set, 4 Designs
 16"" x 28""
 Case Pack: 48
 Unit Price: $3.00 each
  
 ""Be Home for the Holidays""
 ""Believe in the Magic of Christmas""
 ""Believe""
 Cardinal Bird Towel
",$144.00,instock,https://www.livingfashions.com/wp-content/uploads/products/x2512-kt.jpg
9112-SKT,2pk HOLIDAY SPOON & TEA TOWEL SET,"Set of 2 - 4 Designs
 Case Pack : 48
 Unit Price : $ 3.00 each
  
 ""Merry Christmas""
 ""Merry & Bright""
 ""The Most Wonderful Time of the Year""
 ""Let it Snow""
",$144.00,outofstock,https://www.livingfashions.com/wp-content/uploads/products/9112-skt.jpg
664-KS,ALL OVER LEAF JACQUARD KITCHEN SET,"Kitchen Towel 48, PotHolder 12, Ovenmitt 12
 Item Size: KT-15x25”/PH-7x7/OM-7x12”
 Case Pack: 72
 Unit Price: $ 0.80 each
",$57.60,instock,https://www.livingfashions.com/wp-content/uploads/products/664-ks.jpg
438-KT,CHRISTMAS TIE KITCHEN TOWEL,"4 Assorted Designs  
 16"" x 18"" x 3.5""
 Case Pack: 72
 Unit Price: $ 1.00 each
  
 Cardinal Bird Towel
 Mistletoe Towel
 ""Merry & Bright""
 ""Believe in the Magic of Christmas""
  
",$72.00,outofstock,https://www.livingfashions.com/wp-content/uploads/products/438-kt.jpg
8251-PK,XMAS KITCHEN TOWEL & POTHOLDERS SET,"2 Pack Set - 4 Designs
 KT -15""x25"" , PH - 8""x8""
 Case Pack: 48
 Unit Price: $ 3.00 each
  
 ""Merry Little Christmas""
 ""The Most Wonderful Time of the Year""
 ""Merry & Bright""
 ""Merry Christmas!""
",$144.00,outofstock,https://www.livingfashions.com/wp-content/uploads/products/8251-pk.jpg
954-RX,CHRISTMAS TAPESTRY RUNNER,"Item Size : 13"" X 72""
 4 Designs
 Case Pack: 48
 Unit Price: $3.50 each
  
 ""Merry Christmas""
 ""Joy to the World""
 Match with item 154-P
",$168.00,outofstock,https://www.livingfashions.com/wp-content/uploads/products/954-rx.jpg
917-RS,"SNOWMAN & WINTER RUNNER - 54""","13"" X 54"", 4 Designs
 Case Pack: 48
 Unite Price:$ 3.00 each
  
 ""Home For the Holidays""
 Match with item 117-P
",$144.00,outofstock,https://www.livingfashions.com/wp-content/uploads/products/917-rs.jpg
2129-SS,Santa Sack,"4 Designs - Item Size: 21""x 29""
 Case Pack: 24
 Unit Price: $ 5.00 each
  
 ""Delivered by Reindeer Mall - December 25th""
 ""Joy, Love, Peace, Believe, Christmas""
 ""Fa La La"" 
 ""Believe in Magic""
",$120.00,instock,https://www.livingfashions.com/wp-content/uploads/products/2129-ss.jpg
146-P,HOLIDAY PLAID WOVEN PLACEMAT,"13""x19"" - 4 Designs
 Case Pack : 144
 Unit Price : $ 0.80 each
",$115.20,outofstock,https://www.livingfashions.com/wp-content/uploads/products/146-p.jpg
392-KT,Halloween Printed Kitchen Towel,"6 Designs, 15""x25"" Inner: 12
 Case Pack: 72
 Price: $0.80 each
  
 ""Pumpkin, Sweets, Spooks & Treats"" - Halloween Towel
  
",$57.60,outofstock,https://www.livingfashions.com/wp-content/uploads/products/392-kt.jpg
356-KT,WINTER HOLIDAY PRINTED KITCHEN TOWEL,"15"" X 25"",  
 4 Designs
 Case Pack: 72
 Unit Price:$ 0.80 each
  
 ""Making Spirits Bright""
 ""Let it Snow""
 ""Happy Holiday Wishes""
 ""Merry Christmas""
  
",$57.60,outofstock,https://www.livingfashions.com/wp-content/uploads/products/356-kt.jpg
6225-PK,FALL KITCHEN TOWEL & POTHOLDERS SET,"2 Pack Set - 4 Designs
 KT -15""x25"" , PH - 8""x8""
 Case Pack: 48
 Unit Price: $ 3.00 each
  
 ""Bless the Food Before Us, the Family Beside Us & the Love Between Us""
 ""Happy Fall Y'all""
 ""Give Thanks""
",$144.00,instock,https://www.livingfashions.com/wp-content/uploads/products/6225-pk.jpg
965-AP,HOLIDAY FUN PRINTED APRON,"4 Designs
 19"" x 30""
 Case Pack: 48
 Unit Pack: $ 1.50 each
  
 Christmas Tree - Match with item 817 KS
 Red Truck - Match with item 575 KS
 Snowman - Match with item 875 KS
 Cardinal Bird - Match with item 552 KS
  
",$72.00,outofstock,https://www.livingfashions.com/wp-content/uploads/products/965-ap.jpg
937-WB,CHRISTMAS SAYING COTTON WINE BAG   ,"5.25""x13.5""
 4 Designs
 Case Pack: 72
 Unit Price: $ 0.95 each
  
 ""Making Spirits Bright""
 ""Sip, Sip, Hooray""
 ""He Sees You When Your Drinking""
  
",$68.40,instock,https://www.livingfashions.com/wp-content/uploads/products/937-wb.jpg
506-KPS,Gather Tapestry Kitchen Set,"Pumpkin/Sunflower Design
 72 PlaceMat, 48 KitchenTowel, 12 PotHolder, 12 OvenMitt
 Case Pack: 144
 Unit Price: $ 0.80 each
",$115.20,instock,https://www.livingfashions.com/wp-content/uploads/products/506-kps.jpg
3125-KT,2pk CHRISTMAS Floursack Kitchen Towel ,"15""x25""
 Case Pack: 48
 Price: $ 2.00 each
  
 ""Be Home for Christmas""
 ""Joy, Love, Peace, Believe, Christmas""
 ""Merry & Bright""
 ""Believe in the magic of Christmas""
",$96.00,outofstock,https://www.livingfashions.com/wp-content/uploads/products/3125-kt.jpg
924-AP,Fall Printed Cotton Apron,"Item Size: 19""x30""
 4 Designs
 Case Pack: 48
 Unit Price: $ 1.25 each
  
 Red Truck Apron - Pair with item 612-KS
 ""Thankful"" Apron - Pair with item 601-KS
 Animals and Trees Apron
 Pumpkin, Squash & Leaves Apron 
",$60.00,outofstock,https://www.livingfashions.com/wp-content/uploads/products/924-ap.jpg
F241-KT,2pk Fall Festive Kitchen Towel Set,"Set of 2 - 4 Designs
 Item Size: 16"" x 28"" 
 Case Pack : 48
 Unit Price : $ 3.00 each
  
 ""I Love Fall Most of All""
 ""Gobble, Gobble!""
 ""Gather""
 ""Give Thanks""
",$144.00,outofstock,https://www.livingfashions.com/wp-content/uploads/products/f241-kt.jpg
178-P,FALL SENTIMENT TAPESTRY PLACEMAT,"13""x19"" - 4 Designs
 Case Pack : 144
 Unit Price : $ 0.80 each
  
 ""Grateful, Thankful, Blessed""
 ""Thankful & Blessed""
 ""Be Grateful""
 ""Thankful""
",$115.20,outofstock,https://www.livingfashions.com/wp-content/uploads/products/178-p.jpg
H899-CB,HALLOWEEN TREAT BAGS,"14""x16"" - 4 Designs
 Case Pack: 72
 Unit Price : $ 0.85 each
  
",$61.20,outofstock,https://www.livingfashions.com/wp-content/uploads/products/h899-cb.jpg
338-KT,FALL TIE KITCHEN TOWEL,"4 Assorted Designs  
 16"" x 18"" x 3.5""
 Case Pack: 72
 Unit Price: $ 0.80 each
  
 ""Pumpkin Spice & Everything Nice""
 ""Gather Together""
  
",$57.60,outofstock,https://www.livingfashions.com/wp-content/uploads/products/338-kt.jpg
5221-KT,CHRISTMAS FUNNY SAYING FLOURSACK,"15""x25"" - 6 Designs
 Case Pack: 72
 Price: $ 0.80 each
  
 ""Don't Get Your Tinsel in a Tangle""
 ""Gnome Sweet Gnome""
 ""Dear Santa I can Explain""
 ""Be Good or I will Text Santa""
 ""What Happens under the Mistletoe, Stays under the Mistletoe""
 ""The Best Way to Spread Christmas Cheer is Singing Loud for all to Hear""
",$57.60,outofstock,https://www.livingfashions.com/wp-content/uploads/products/5221-kt.jpg
9825-AP,HOLIDAY PREMIUM WOVEN APRON,"Item Size: 24""x30""
 3 Designs - 1 Pocket Pouch
 Case Pack: 36
 Unit Price: $ 3.00 each
  
",$108.00,outofstock,https://www.livingfashions.com/wp-content/uploads/products/9825-ap.jpg
471-KT,CHRISTMAS WOVEN TEA TOWEL,"16"" X 28"", Embroidery & Gold Foil
 4 Designs
 Case Pack: 60
 Unit Price:$ 2.00 each
  
 ""Merry & Bright""
 ""The Most Wonderful Time of the year""
  
",$120.00,outofstock,https://www.livingfashions.com/wp-content/uploads/products/471-kt.jpg
2994-KT,FOUTA PRINTED KITCHEN TOWEL,"4 Designs - 18""x28""
 Case Pack: 48
 Unit Price: $ 5.00 each
  
  
 ""When Life Gives You Lemons Make Lemonade""
 ""Good Friends Wine Together""
 ""Home Sweet Home""
 ""This Kitchen is Seasoned with Love""
",$240.00,outofstock,https://www.livingfashions.com/wp-content/uploads/products/2994-kt.jpg
922-CAP,CHRISTMAS CHILD APRON / HAT SET,"2 Piece Set - Child Apron and Chef Hat
 Case Pack: 36
 Unit Price: $ 3.00 each
  
 ""Hello Winter""
  
",$108.00,instock,https://www.livingfashions.com/wp-content/uploads/products/922-cap.jpg
TOT 517,TOTE BAG WITH FOLDED BOTTOM GUSSET,"Natural Beige -100% Cotton Canvas
 14""x11.5""x2.5”
 Case Pack: 72
 Unit Price: $ 0.85 Each
",$172.80,instock,https://www.livingfashions.com/wp-content/uploads/products/tot 517.jpg
TOT 516,TOTE BAG WITH FOLDED BOTTOM GUSSET,"Natural Beige Color - 100% Cotton Canvas
 14""x11.5""x2.5”
 Case Pack: 72
 Unit Price: $ 0.85 Each
",$61.20,instock,https://www.livingfashions.com/wp-content/uploads/products/tot 516.jpg
TOT 515,TOTE BAG MINI NATURAL BEIGE ,"1 Pack - 6.5"" X 5""
 100% Cotton Canvas
 Case Pack: 576
 Unit Price: $ 0.30 Each
",$172.80,instock,https://www.livingfashions.com/wp-content/uploads/products/tot 515.jpg
SW0120-PP,"COTTON CANVAS ""BIG"" TOTE PREPACK","Item Size: 23""x18""x9"" - 10oz
 6 Designs - 4 Bags Each
 Case Pack: 24
 Unit Price: $ 2.70 each
  
 ""Be Bold, Be Brave, Be You""
 ""Start Each Day with a Grateful Heart""
 ""All You Need is Love""
 ""Mama Bear""
 ""Shine Bright""
 ""Leave a Little Sparkle Everywhere You Go""
  
",$64.80,outofstock,https://www.livingfashions.com/wp-content/uploads/products/sw0120-pp.jpg
TOT 2519,TOTE BAG MINI NATURAL BEIGE 5PK,"Set of 5 - 6"" X 5.5""
 100% Cotton Canvas
 Case Pack: 48
 Unit Price: $ 2.32 Each
",$111.36,instock,https://www.livingfashions.com/wp-content/uploads/products/tot 2519.jpg
TOT 2512,TOTE BAG SMALL NATURAL BEIGE,"11"" X 9"" X 3"", 270 GSM, 8 OZ
 100% Cotton Canvas
 Case Pack: 48
 Unit Price: $ 0.90 Each
",$43.20,instock,https://www.livingfashions.com/wp-content/uploads/products/tot 2512.jpg
TOT 2511,TOTE BAG SMALL WHITE ,"11"" X 9"" X 3"", 270 GSM, 8 OZ
 100% Cotton Canvas
 Case Pack: 48
 Unit Price: $ 0.95 Each
",$45.60,instock,https://www.livingfashions.com/wp-content/uploads/products/tot 2511.jpg
WED-218,POUCH WITH ZIPPER - SILVER BRIDESMAID DESIGN,"6.5"" X 9"", 260-270 GSM
 Case Pack: 48
 Unit Price: $ 1.15 each
",$55.20,instock,https://www.livingfashions.com/wp-content/uploads/products/wed-218.jpg
WED-213,POUCH WITH ZIPPER - GOLD BRIDESMAID DESIGN,"6.5"" X 9"", 260-270 GSM
 Case Pack: 48
 Unit Price: $ 1.15 each
",$55.20,instock,https://www.livingfashions.com/wp-content/uploads/products/wed-213.jpg
WED-212,SILVER HEART POUCH WITH ZIPPER,"6.5"" X 9"", 260-270 GSM
 Case Pack: 48
 Unit Price: $ 1.15 each
",$55.20,instock,https://www.livingfashions.com/wp-content/uploads/products/wed-212.jpg
TOT 2505,WORKING APRON W/ POCKET ADULT ,"Natural Beige Color
 17.75"" X 8.5"", 270 GSM, 8 OZ
 Case Pack: 48
 Unit Price: $ 1.15 each
 100% Cotton Canvas  
",$55.20,instock,https://www.livingfashions.com/wp-content/uploads/products/tot 2505.jpg
TOT 2502,APRON W/ POCKET ADULT ,"Natural Beige Color
 20"" X 28"", 270 GSM, 8 OZ
 Case Pack: 48
 Unit Price: $ 1.39 each
 100% Cotton Canvas  
",$66.72,instock,https://www.livingfashions.com/wp-content/uploads/products/tot 2502.jpg
946-RX,HOLIDAY PLAID CHECK RUNNER,"Item Size : 13"" X 54""
 4 Designs:
 Case Pack: 48
 Unit Price: $3.00 each
",$144.00,instock,https://www.livingfashions.com/wp-content/uploads/products/946-rx.jpg
TOT 2525,TOTE BAG ,"3 Assorted Colors
 14"" x 19"" x 7""
 Case Pack: 48
 Unit Price:  $3.00
 Weight: 410 GSM, 12oz
  
",$144.00,outofstock,https://www.livingfashions.com/wp-content/uploads/products/tot 2525.jpg
P215-BB,CHRISTMAS BASKET WITH 4 TEA TOWELS,"2 Assorted Design Baskets - Ribbon & Header
 14""x14"", 15""x25""
 Case Pack: 20
 Unit Price: $6.00 each
",$120.00,instock,https://www.livingfashions.com/wp-content/uploads/products/p215-bb.jpg
992-RX,"CHENILLE CHRISTMAS RUNNER - 54""","Item Size: 13"" X 54""
 4 Designs
 Case Pack: 48
 Unit Price: $ 3.50 each
  
 Match with item 192-P
 ""Believe""
",$168.00,instock,https://www.livingfashions.com/wp-content/uploads/products/992-rx.jpg
CBRD-PM,COTTON BRAIDED XMAS PLACEMAT,"4 Designs - 14"" Round
 Case Pack: 48
 Unit Price: $ 2.00 each
",$96.00,outofstock,https://www.livingfashions.com/wp-content/uploads/products/cbrd-pm.jpg
884-RF,FALL TAPESTRY RUNNER,"4 Designs
 Item Size: 13""x54""
 Master Pack : 48
 Unit Price : $ 3.50 each
",$168.00,outofstock,https://www.livingfashions.com/wp-content/uploads/products/884-rf.jpg
IL-KT,ILLINOIS STATE KITCHEN TOWEL,"20"" X  28""
 CASE PACK: 24
 UNIT PRICE: $ 2.50 each
  
 Floursack Material
  
",$60.00,instock,https://www.livingfashions.com/wp-content/uploads/products/il-kt.jpg
822-R,EVERYDAY TAPESTRY RUNNERS,"4 Designs - 13""x 48""
 Case Pack: 48
 Unit Price: $ 3.00 each
  
 ""Blessed""
 ""Life is Better on the Farm""
 ""Believe""
 ""Locally Grown, Loud & Proud, Farm Raised""
",$144.00,instock,https://www.livingfashions.com/wp-content/uploads/products/822-r.jpg
161-P,BLESSED TAPESTRY PLACEMAT,"3 Designs
 13"" X 19""
 Case Pack: 72
 Unit Price: $ 0.80 each
  
 ""Together is a wonderful place to be.""
 ""Blessed""
 ""Believe""
",$57.60,instock,https://www.livingfashions.com/wp-content/uploads/products/161-p.jpg
137-RP,NAUTICAL BRAIDED PRINTED ROUND PM,"3 Designs
 Case Pack: 48
 Unit Price: $ 2.00 each
",$96.00,instock,https://www.livingfashions.com/wp-content/uploads/products/137-rp.jpg
7127-AR,SEASIDE AREA RUG,"4 Designs - 20""x 30""
 Case Pack: 24
 Unit Price: $ 5.00 each
  
 ""Love Sea""
 ""Lets Sail Away""
 Ancor, Boats, Seashells and Ropes
",$84.00,instock,https://www.livingfashions.com/wp-content/uploads/products/7127-ar.jpg
1172-R,MODERN CHINDI PRINTED RUG,"4 Designs - 20""x 32""
 Case Pack: 24
 Unit Price: $ 5.00 each
",$120.00,instock,https://www.livingfashions.com/wp-content/uploads/products/1172-r.jpg
1156-R,CHATHAM COTTON WOVEN RUG,"20""x 32""
 Case Pack: 24
 Unit Price: $ 5.00 each
",$120.00,instock,https://www.livingfashions.com/wp-content/uploads/products/1156-r.jpg
1144-R,PHOENIX COTTON WOVEN RUG,"20""x 32""
 Case Pack: 24
 Unit Price: $ 5.00 each
",$120.00,instock,https://www.livingfashions.com/wp-content/uploads/products/1144-r.jpg
1193-R,SEDONA COTTON WOVEN RUG,"20""x 32""
 Case Pack: 24
 Unit Price: $ 5.00 each
",$120.00,instock,https://www.livingfashions.com/wp-content/uploads/products/1193-r.jpg
1182-R,DIAMOND COTTON WOVEN RUG,"20""x 32""
 Case Pack: 24
 Unit Price: $ 5.00 each
",$120.00,instock,https://www.livingfashions.com/wp-content/uploads/products/1182-r.jpg
1131-R,CHINDI DENIM RUG,"20""x 32""
 Case Pack: 24
 Unit Price: $ 5.00 each
",$120.00,instock,https://www.livingfashions.com/wp-content/uploads/products/1131-r.jpg
1122-R,CHINDI LEATHER RUG,"20""x 32""
 Case Pack: 24
 Unit Price: $ 5.00 each
",$120.00,instock,https://www.livingfashions.com/wp-content/uploads/products/1122-r.jpg
2472-R,CHINDI RAINBOW RUNNER RUG,"24""x 72""
 Case Pack: 12
 Unit Price: $ 6.00 each
",$72.00,instock,https://www.livingfashions.com/wp-content/uploads/products/2472-r.jpg
9270-RF,BAR MOP KITCHEN TOWELS - MULTI,"6 Piece Set - Everyday & Spa
 12""x12""
 Case Pack: 48
 Unit Price: $ 2.50 each
 Weight: 13.5 oz
  
 Match with item 8270-RE
",$120.00,outofstock,https://www.livingfashions.com/wp-content/uploads/products/9270-rf.jpg
8270-RE,BAR MOP KITCHEN TOWELS,"5 Piece Set - Everyday & Spa
 16""x19""
 Case Pack: 24
 Unit Price: $ 3.50 each
 Weight: 1.9 lbs/dzn
  
 Match with item 9270-RF
",$84.00,outofstock,https://www.livingfashions.com/wp-content/uploads/products/8270-re.jpg
9293-RH,BAR MOP DISH CLOTH,"Set of 6; Assorted Colors - Multi Grey & Blue/Grey
 12"" x 12""
 Case Pack: 48
 Unit Price: $ 2.50 each
 Weight: 13.5 oz
  
 Match with item 8292-RG
",$120.00,outofstock,https://www.livingfashions.com/wp-content/uploads/products/9293-rh.jpg
8292-RG,BAR MOP KITCHEN TOWELS - MULTI,"5 Colors - 
 16""x19""
 Case Pack: 24
 Unit Price: $ 3.50 each
 Weight: 1.9 lbs/dzn
  
 Match with item 9293-RH
",$84.00,outofstock,https://www.livingfashions.com/wp-content/uploads/products/8292-rg.jpg
4399-DC,2PK HEAVY TERRY DISHCLOTH,"Assorted Designs
 Case Pack: 96
 Unit Price: $ 0.80 each
 INNER 12
",$76.80,instock,https://www.livingfashions.com/wp-content/uploads/products/4399-dc.jpg
499-KT,TERRY KITCHEN TOWEL,"4-6 Assorted Designs 
 15"" x 25""
 Case Pack: 144
 Unit Price: $ 0.95 each
",$136.80,instock,https://www.livingfashions.com/wp-content/uploads/products/499-kt.jpg
0213-DC,4PK CHEF KITCHEN TOWEL,"12""X12""; 36 gm/pc
 Case Pack: 48
 Unit Price: $ 1.70 each
 INNER 12
",$81.60,outofstock,https://www.livingfashions.com/wp-content/uploads/products/0213-dc.jpg
27991-KT,2PK SONOMA STRIPE KITCHEN TOWELS,"2 Pack Set - 4 Colors - Red, Grey, Tan, Navy
 20""x28""
 Case Pack: 36
 Unit Price: $ 3.00 each
",$108.00,outofstock,https://www.livingfashions.com/wp-content/uploads/products/27991-kt.jpg
37796-KT,XL WAFFLE STRIPE KITCHEN TOWEL,"3 Pack Set - 3 Colors - Red, Grey, Tan
 22""x32""
 Case Pack: 24
 Unit Price: $ 5.00 each
",$120.00,outofstock,https://www.livingfashions.com/wp-content/uploads/products/37796-kt.jpg
617-OP,ROOSTER PRINTED OVENMITS & POTHOLDERS SET,"3 Designs; 36 Ovenmits and 36 Potholders
 Master Pack: 72
 Unit Price: $ 0.80 each
  
",$57.60,outofstock,https://www.livingfashions.com/wp-content/uploads/products/617-op.jpg
317-KT,ROOSTER PRINTED KITCHEN TOWEL,"3 Designs - 15""x25""
 Case Pack: 72
 Unit Price: $ 0.80 each
 Flat Woven
",$57.60,instock,https://www.livingfashions.com/wp-content/uploads/products/317-kt.jpg
658-OP,COASTAL PRINTED OVENMITS & POTHOLDERS SET,"3 Designs; 36 Ovenmits and 36 Potholders
 Master Pack: 72
 Unit Price: $ 0.80 each
  
",$57.60,instock,https://www.livingfashions.com/wp-content/uploads/products/658-op.jpg
358-KT,COASTAL PRINTED KITCHEN TOWEL,"3 Designs - 15""x25""
 Case Pack: 72
 Unit Price: $ 0.80 each
 Flat Woven
",$57.60,outofstock,https://www.livingfashions.com/wp-content/uploads/products/358-kt.jpg
663-OP,AMERICANA PRINTED OVENMITS & POTHOLDERS SET,"3 Designs; 36 Ovenmits and 36 Potholders
 Master Pack: 72
 Unit Price: $ 0.80 each
  
 Match with item 363 KT
 ""God Bless America, My Home Sweet Home""
 ""Stars & Stripes Forever""
 Barbeque Grill Cookout Utensils
  
",$57.60,outofstock,https://www.livingfashions.com/wp-content/uploads/products/663-op.jpg
363-KT,AMERICANA PRINTED KITCHEN TOWEL,"3 Designs - 15""x25""
 Case Pack: 72
 Unit Price: $ 0.80 each
 Flat Woven
  
 Match with item 663-OP
 ""God Bless America, My Home Sweet Home""
 ""Stars & Stripes Forever""
 Barbeque Grill Cookout Utensils Towel
",$57.60,outofstock,https://www.livingfashions.com/wp-content/uploads/products/363-kt.jpg
652-KS,EASTER KITCHEN SET,"Kitchen Towel 48, Pot Holder 12, Oven Mitt 12
 Case Pack: 72
 Unit Price: $ 0.80 each
  
",$57.60,outofstock,https://www.livingfashions.com/wp-content/uploads/products/652-ks.jpg
352-KT,EASTER PRINTED KITCHEN TOWEL,"4 Designs - 15""x25""
 Case Pack: 72
 Unit Price: $ 0.80 each
  
 ""Spring is Here""
 ""Happy Easter""
 ""Hello Easter""
 Colorful Easter Egg Towel
",$57.60,outofstock,https://www.livingfashions.com/wp-content/uploads/products/352-kt.jpg
1126-KT,EVERYDAY PRINTED KITCHEN TOWEL,"2 Pack Set - 4 Designs 
 15""x25""
 Case Pack: 48
 Unit Price: $ 2.00 each
 Flour Sack Material
  
 ""I Love You Berry Much""
 ""Farm Organically Grown""
 ""Bee Kind""
 Lemon Kitchen Towel 
",$96.00,instock,https://www.livingfashions.com/wp-content/uploads/products/1126-kt.jpg
220-KT,LILY INSPIRED POM POM KITCHEN TOWEL,"4 Designs - 16""x28""
 Case Pack: 72
 Unit Price: $ 2.00 each
 Flat Woven
  
 ""Watermelon""
 ""Flamingo""
 ""Pineapples""
 ""Lemons""
",$144.00,instock,https://www.livingfashions.com/wp-content/uploads/products/220-kt.jpg
211-KT,COASTAL DECOR PRINTED KITCHEN TOWEL,"5 Designs - 16""x28""
 Case Pack: 60
 Unit Price: $ 1.25 each
 Flour Sack
  
 ""Life's a Beach""
 ""Home is where your Anchor Drops""
 ""Relax you're on beach time""
 Time Wasted on the Seas is Time Well Spent""
 ""Let the Sea, Set you Free""
",$75.00,instock,https://www.livingfashions.com/wp-content/uploads/products/211-kt.jpg
201-KT (New Style),COASTAL KITCHEN TOWELS,"5 Designs ""Herringbone""
 16"" x 26""
 Case Pack: 60
 Unit Price: $ 1.25 each
",$75.00,instock,https://www.livingfashions.com/wp-content/uploads/products/201-kt (new style).jpg
649-KPS,OLIVES KITCHEN SET,"PlaceMat 60, Kitchen Towel 48, Pot Holder 12, Oven Mitt 24
 Case Pack: 144
 Unit Price: $0.80 each
  
",$115.20,instock,https://www.livingfashions.com/wp-content/uploads/products/649-kps.jpg
980-AP,ALL SEASONS PRINTED APRONS,"4 Assorted Designs
 19"" X 30""
 Case Pack: 72
 Unit Price: $ 1.25 each
  
 Blue Fish Apron- Pair with item 358 KT & 658 OP
 SunFlower Apron- Pair with item 354 KT & 654 OP
 Lemon Apron - Pair with item 1126 KT
",$90.00,instock,https://www.livingfashions.com/wp-content/uploads/products/980-ap.jpg
920-AP,LILY INSPIRED PRINTED APRONS,"4 Assorted Designs
 19"" X 30""
 Case Pack: 72
 Unit Price: $ 1.25 each
  
 - Pair with item 220 KT
",$90.00,instock,https://www.livingfashions.com/wp-content/uploads/products/920-ap.jpg
4221-MB,MAGAZINE TOTE BAG ,"4 Designs
 15.5"" x 15"" x 4""
 Case Pack: 48
 Unit Price:  $3.00 each
  
 ""Stay Humble Work Hard Be Kind""
 ""All You Need is Love & Coffee""
 ""Let Go and Let God""
 ""Farm Sweet Farm""
  
",$144.00,instock,https://www.livingfashions.com/wp-content/uploads/products/4221-mb.jpg
TB-2315,CANVAS TOTE BAG ,"2 Assorted Colors - Blue & Pink
 23"" x 15"" x 5""
 Case Pack: 30
 Unit Price:  $3.75 each
 Weight: 18oz
  
  
",$112.50,instock,https://www.livingfashions.com/wp-content/uploads/products/tb-2315.jpg
MAS197014,Hand Towel 2PK,"FALL THEME
 CASE PACK: 40
 PRICE: $ 2.00 each
  
 ""Tis the Season to be Basic""
 ""Fall is my Second Favorite F - Word""
",$80.00,instock,https://www.livingfashions.com/wp-content/uploads/products/mas197014.jpg
128-P,Nautical Printed Placemat,"3 Designs - Scallop Shell, Anchor, Starfish
 13""x19""
 Case Pack: 72
 Price: 0.80 each
",$57.60,outofstock,https://www.livingfashions.com/wp-content/uploads/products/128-p.jpg
875-KS,SNOWMAN BELIEVE KITCHEN SET,"KitchenTowel/48, PotHolder/12, OvenMitt/12
 Case Pack: 72
 Unit Price: $ 0.80 each
",$57.60,outofstock,https://www.livingfashions.com/wp-content/uploads/products/875-ks.jpg
7125-PK,"Holiday S/3, Potholder & 2 Towel ","Set of 3, Red Plaid Pattern
 8""x8"" / 15""x25"", Inner: 6
 Case Pack: 48
 Price: $ 3.50 each
  
 ""Merry Christmas""
 ""Dear Santa, Define Good""
",$168.00,outofstock,https://www.livingfashions.com/wp-content/uploads/products/7125-pk.jpg
199-KT,Variety Sayings Tea Towels,"6 Designs - 15""x25""
 Case Pack: 72
 Unit Price: $ 0.90 each
  
 ""Cluck, Oink, Moo""
 ""Farm to table""
 ""Behind Every Great Man is a Woman Rolling Her Eyes""
 ""Bless this Kitchen and All Who Enter""
 ""Life is Better With a Dog""
 ""We have this Hope as an Achor for the Soul, Firm and Secure""
",$64.80,instock,https://www.livingfashions.com/wp-content/uploads/products/199-kt.jpg
601-KS,THANKFUL FALL KITCHEN SET,"Kitchen Towel 48, PotHolder 12, OvenMitt 12
 KT-15x25”, PH - 7x7"", OM -7x12”
 Case Pack: 72
 Unit Price: $ 0.80 each
  
  
",$57.60,outofstock,https://www.livingfashions.com/wp-content/uploads/products/601-ks.jpg
817-KS,Christmas Tree Kitchen Set,"Kitchen Towel /48, Pot Holder/12, OvenMitt/12
 Case Pack: 72
 Price: $ 0.80 each
",$57.60,outofstock,https://www.livingfashions.com/wp-content/uploads/products/817-ks.jpg
612-KS,Truck & Sunflower Printed Kitchen Set,"Item Size: KT/15x25”/ PH-7x7""/ OM-7x12”
 KT/48, PH/12,OM/12
 Case Pack: 72
 Price: $ 0.80 each
",$57.60,outofstock,https://www.livingfashions.com/wp-content/uploads/products/612-ks.jpg
2124-KT,2pk Fall Flour Sack with Checked Kitchen Towel,"Item Size: 15""X25""
 Case Pack: 48
 Unit Price: $ 2.00 each
  
 ""Pumpkin Spice & Everything Nice""
 ""Turkey, Football, and Pumpkin Pie""
 Turkey Kitchen Towel
 Thanksgiving Theme Kitchen Towel
",$96.00,outofstock,https://www.livingfashions.com/wp-content/uploads/products/2124-kt.jpg
3120-KT,2PK CHEF KITCHEN TOWEL,"16""X26""; 90 gm/pc
 Case Pack: 48
 Unit Price: $ 2.50 each
 INNER 12
",$120.00,outofstock,https://www.livingfashions.com/wp-content/uploads/products/3120-kt.jpg
NA-710,CANVAS LARGE TOTE BAG,"13.5"" X 15"" X 3""
 Case Pack: 48
 Unit Price: $ 2.25 each
 Natural Color
",$108.00,instock,https://www.livingfashions.com/wp-content/uploads/products/na-710.jpg
2506,WRISTLET NATURAL ,"6.5"" X 9"", 260-270 GSM
 Case Pack: 48
 Unit Price: $ 1.32 each
",$63.36,instock,https://www.livingfashions.com/wp-content/uploads/products/2506.jpg
TOT 2516,TOTE BAG MEDIUM BLACK,"14"" X 13"" X 3"", 270 GSM, 8 OZ
 100% Cotton Canvas
 Case Pack: 48
 Unit Price: $ 1.35 Each
",$64.80,instock,https://www.livingfashions.com/wp-content/uploads/products/tot 2516.jpg
TOT 2515,TOTE BAG MEDIUM NATURAL BEIGE,"14"" X 13"" X 3"", 270 GSM, 8 OZ
 100% Cotton Can
 Case Pack: 48
 Unit Price: $ 1.30 Each
",$62.40,instock,https://www.livingfashions.com/wp-content/uploads/products/tot 2515.jpg
TOT 2514,TOTE BAG MEDIUM WHITE ,"14"" X 13"" X 3"", 270 GSM, 8 OZ
 100% Cotton Canvas
 Case Pack: 48
 Unit Price: $ 1.30 Each
",$62.40,instock,https://www.livingfashions.com/wp-content/uploads/products/tot 2514.jpg
2504,APRON CHILD NATURAL BEIGE ,"Small Apron - Ideal Age 6 & Under
 12.5"" X 19"", 270 GSM, 8 OZ
 Case Pack: 48
 Unit Price: $ 1.25 each
  
 100% Cotton Canvas
",$60.00,instock,https://www.livingfashions.com/wp-content/uploads/products/2504.jpg
2503,APRON CHILD WHITE,"Small Apron - Ideal Age 6 & Under
 12.5"" X 19"", 270 GSM, 8 OZ
 Case Pack: 48
 Unit Price: $ 1.20 each
  
 100% Cotton Canvas
",$57.60,instock,https://www.livingfashions.com/wp-content/uploads/products/2503.jpg
TOT 2501,APRON W/ POCKET ADULT WHITE,"20"" X 28"", 270 GSM, 8 OZ
 Case Pack: 48
 Unit Price: $ 1.50 each
 100% Cotton Canvas  
",$72.00,instock,https://www.livingfashions.com/wp-content/uploads/products/tot 2501.jpg
9030-KT,2PK Aston Stripe Kitchen Towel ,"4 Assorted Design
 16"" X 26""
 Case Pack: 48
 Unit Price: $  2.50 each
",$120.00,outofstock,https://www.livingfashions.com/wp-content/uploads/products/9030-kt.jpg
125-P,Farmhouse Woven Placemat,"4 Colors: Black, Red, Nvy Blue, Sage Green
 13"" X 19""
 Case Pack: 144
 Unit Price: $ .80 each
",$115.20,instock,https://www.livingfashions.com/wp-content/uploads/products/125-p.jpg
110-P,Americana Printed Placemat ,"3 Assorted Design
 13"" X 19""
 Case Pack: 72
 Unit Price: $ 0.80 each
",$57.60,instock,https://www.livingfashions.com/wp-content/uploads/products/110-p.jpg
104-P,Floral Printed Placemat ,"3 Assorted Design
 13"" X 19""
 Case Pack: 72
 Unit Price: $ 0.80 each
",$57.60,instock,https://www.livingfashions.com/wp-content/uploads/products/104-p.jpg
103-P,Nautical Printed Placemat,"3 Assorted Design
 13"" X 19""
 Case Pack: 72
 Unit Price: $ .80 each
",$57.60,instock,https://www.livingfashions.com/wp-content/uploads/products/103-p.jpg
4980-DC,2PK DISH CLOTH ,"4 Assorted Design
 12"" X 12""
 Case Pack: 144
 Unit Price: $ .76 each
",$109.44,instock,https://www.livingfashions.com/wp-content/uploads/products/4980-dc.jpg
325-KT,SONOMA STRIPE KITCHEN TOWEL,"6 Colors 
 15"" X 25""
 Case Pack: 144
 Unit Price: $ .80
",$115.20,instock,https://www.livingfashions.com/wp-content/uploads/products/325-kt.jpg
MAB-AP,MABELLE APRON,"4 Assorted Designs
 Case Pack: 72
 Unit Price: $3.50 each
",$252.00,outofstock,https://www.livingfashions.com/wp-content/uploads/products/mab-ap.jpg
MAB-SH,MABELLE SCARF,"3 Colors
 Case Pack: 48
 Unit Price: $3.50 each
",$168.00,outofstock,https://www.livingfashions.com/wp-content/uploads/products/mab-sh.jpg
MAB-KT,MABELLE KITCHEN TOWELS,"6 Assorted Designs
 Case Pack: 72
 Unit Price: $1.25 each
",$90.00,instock,https://www.livingfashions.com/wp-content/uploads/products/mab-kt.jpg
MAB-FS,MABELLE  FLOURSACK KITCHEN TOWEL,"Set of 3 - 2 Colors
 20""X28""
 Case Pack: 24
 Unit Price: $3.00  each
  
  
",$72.00,outofstock,https://www.livingfashions.com/wp-content/uploads/products/mab-fs.jpg
MAB-PH,MABELLE  POTHOLDER,"4 Assorted Designs
 Case Pack: 72
 Unit Price: $0.75 each
  
",$54.00,outofstock,https://www.livingfashions.com/wp-content/uploads/products/mab-ph.jpg
MAB-OM,MABELLE OVEN MITT,"4 Assorted Designs
 Case Pack: 72
 Unit Price: $1.50 each
",$108.00,outofstock,https://www.livingfashions.com/wp-content/uploads/products/mab-om.jpg
MAB-PM,MABELLE PLACEMAT ,"6 ASSORTMENT DESIGNS
 Case Pack: 72
 Unit Price: $0.70 each
",$50.40,outofstock,https://www.livingfashions.com/wp-content/uploads/products/mab-pm.jpg
170-P,DIAMOND TEXTILES PLACEMATS,"4 COLORS
 13""x19""
 Case Pack: 72
 Unit Price: $2.00 each
  
",$144.00,instock,https://www.livingfashions.com/wp-content/uploads/products/170-p.jpg
509-KPS,RED CARDINAL KITCHEN SET,"PlaceMats 72, Kitchen Towels 48, Pot Holder 12, Oven Mitt 12
 KT-15x25”, PH-7x7"", OM-7x12”, PL-13”x19”
 Case Pack: 144
 Unit Price: $ 0.80 each
  
  
",$115.20,outofstock,https://www.livingfashions.com/wp-content/uploads/products/509-kps.jpg
192-P,CHRISTMAS CHENILLE PLACEMATS,"4 Designs
 Item Size: 13""x19""
 Case Pack: 72
 Unit Price: $1.50 each
  
 Match with item 992-RX
 ""Believe"" Placemat
 Reindeer Placemats
",$108.00,instock,https://www.livingfashions.com/wp-content/uploads/products/192-p.jpg
XTAP-HR,WINTER SEASON TAPESTRY HEARTH RUG,"4 Designs
 Item Size: 20""x29""
 Case Pack: 24
 Unit Price: $ 3.50 each
  
",$84.00,outofstock,https://www.livingfashions.com/wp-content/uploads/products/xtap-hr.jpg
548-KPS,GINGERBREAD TAPESTRY KITCHEN SET,"PlaceMat 72, Kitchen Towel 48, Pot Holder 12, Oven Mitt 12
 KT - 15x25”, PH - 7x7"", OM - 7x12”, PM - 13”x19”
 Case Pack: 144
 Unit Price: $0.80 each
  
",$115.20,outofstock,https://www.livingfashions.com/wp-content/uploads/products/548-kps.jpg
510-KPS,RED TRUCK BUFFALO CHECK KITCHEN SET,"Place Mat 72,Kitchen Towel 48,Oven Mitt 12,Pot Holder 12
 Case Pack: 144
 Unit Price: $0.80 each
",$115.20,outofstock,https://www.livingfashions.com/wp-content/uploads/products/510-kps.jpg
101-KT,SAYINGS KITCHEN TOWELS,"6 Designs (3 Tan, 3 White)
 15"" x 25""
 Case Pack: 72
 Unit Price: $0.80 each
  
",$57.60,instock,https://www.livingfashions.com/wp-content/uploads/products/101-kt.jpg
7441-KT,Christmas Embroidery Terry Kitchen Towel,"2 Pack, 4 Designs
 15"" x 25""
 Case Pack: 48
 Unit Price: $ 3.00 each
",$144.00,instock,https://www.livingfashions.com/wp-content/uploads/products/7441-kt.jpg
994-RX,CHRISTMAS TAPESTRY RUNNER,"Item Size: 13"" X 72""
 4 Designs
 Case Pack: 48
 Unit Price: $ 3.50 each
  
 Match with item 194-P
 ""Merry Christmas""
",$168.00,instock,https://www.livingfashions.com/wp-content/uploads/products/994-rx.jpg
971-RX,CHRISTMAS CHEER TAPESTRY RUNNER,"Item Size : 13"" X 72""
 Designs: 4
 Case Pack: 48
 Unit Price: $3.50 each
",$168.00,outofstock,https://www.livingfashions.com/wp-content/uploads/products/971-rx.jpg
171-P,CHRISTMAS CHEER TAPESTRY PLACEMAT,"13"" X 19"" - 4 Designs
 Case Pack: 144
 Unit Price: $ 0.80 each
  
 ""Merry Christmas""
 ""Candycane Wishes & Mistletoe Kisses""
",$115.20,instock,https://www.livingfashions.com/wp-content/uploads/products/171-p.jpg
154-P,CHRISTMAS TAPESTRY PLACEMATS,"Item Size: 13"" X 19""
 4 Designs
 Case Pack:144
 Unit Price: $ 0.80 each
  
 Match with item 954-RX
",$115.20,outofstock,https://www.livingfashions.com/wp-content/uploads/products/154-p.jpg
124-P,HOLIDAY PRINTED PLACEMATS,"Item Size: 13"" X 19"" - 4 Designs
 Case Pack: 144
 Unit Price: $0.80 each
 Hemmed- 75g
  
 ""Joy""
 ""Happy Holidays""
 ""Merry Christmas""
 ""Merry and Bright""
  
  
",$115.20,instock,https://www.livingfashions.com/wp-content/uploads/products/124-p.jpg
575-KS,RED TRUCK PLAID KITCHEN SET,"Kitchen Towel 48, Oven Mitt 12, Pot Holder 12
 PH-7x7, OM-7x12”, PL-13”x19”
 Case Pack: 72
 Unit Price: $ 0.80 each
",$57.60,outofstock,https://www.livingfashions.com/wp-content/uploads/products/575-ks.jpg
540-KPS,Fall Red Truck Tapestry Kitchen Set,"PlaceMat 72, Kitchen Towels 48, Pot Holder 12, Oven Mitt 12
 Case Pack: 144
 Unit Price: $0.80 each
",$115.20,outofstock,https://www.livingfashions.com/wp-content/uploads/products/540-kps.jpg
H1031-KT,HALLOWEEN FLAT WOVEN KIT TOWEL,"2 Pack - 3 Designs
 Item Size: 16"" x 28""
 Case Pack: 24
 Unit Price: $3.00 each
",$72.00,outofstock,https://www.livingfashions.com/wp-content/uploads/products/h1031-kt.jpg
552-KS,Cardinal Christmas Kitchen Set,"KitchenTowel/48, OvenMitt/12, PotHolder/12
 KT/60g, PH/50g,OM/75g
 Case Pack: 72
 Unit Price: $ 0.80 each
",$57.60,outofstock,https://www.livingfashions.com/wp-content/uploads/products/552-ks.jpg
366-KT,FALL & HARVEST SAYING TEA TOWEL,"6 Assorted Designs  
 15"" x 25""
 Case Pack: 72
 Unit Price: $ 0.80 each
 Chambray/Khaki Base, 60 g
  
 ""Football, Family, & Friends""
 ""Thankful, Grateful, Blessed""
 ""Fall is in the Air""
 ""Happy Fall Y'all""
 ""Bless the Food Before Us, The Family Beside Us
 & the Love Between Us""
 ""Let's Get Stuffed""
  
",$57.60,outofstock,https://www.livingfashions.com/wp-content/uploads/products/366-kt.jpg
179-P,HARVEY PRINTED PLACEMAT ,"3 Designs
 13"" x 19""
 Case Pack: 72
 Unit Price: $ 0.80 each
",$57.60,outofstock,https://www.livingfashions.com/wp-content/uploads/products/179-p.jpg
1225-KT,CHRISTMAS CHEER SAYING TEA TOWEL,"6 Assortment Designs
 Item Size: 15"" X 25"" 
 Case Pack: 72
 Unit Price: $ 0.80 each
  
 ""All I want for Christmas is Me & You""
 ""Let it Snow""
 ""Merry Everything and a Happy Always""
 ""Merry Christmas!""
 ""Home""
  
",$57.60,instock,https://www.livingfashions.com/wp-content/uploads/products/1225-kt.jpg
972-RX,CHRISTMAS PLAID WOVEN RUNNERS,"4 Designs
 Item Size: 72""
 Case Pack: 48
 Unit Price: 4.00 each
  
 Match with item 172-P
  
  
",$192.00,outofstock,https://www.livingfashions.com/wp-content/uploads/products/972-rx.jpg
830-R,FALL WOVEN RUNNERS,"4  Designs
 Item Size: 13""x72 ""
 Case Pack: 48
 Unit Price: $ 4.00 each
",$192.00,outofstock,https://www.livingfashions.com/wp-content/uploads/products/830-r.jpg
130-P,FALL WOVEN PLACEMAT,"4 Designs
 13"" X 19"", 70g
 Case Pack: 144
 Unit Price: $ 0.80 each
",$115.20,outofstock,https://www.livingfashions.com/wp-content/uploads/products/130-p.jpg
823-CB,SAYINGS PRINTED CANVAS TOTE BAG,"4 Designs
 14"" x 16""
 Master Pack: 72
 Unit Price: $ 0.85
",$61.20,instock,https://www.livingfashions.com/wp-content/uploads/products/823-cb.jpg
123-P,TUNIS PRINTED PLACEMAT,"4 Designs
 13"" x 19""
 Case Pack: 72
 Unit Price: $ 0.80 each
  
",$57.60,instock,https://www.livingfashions.com/wp-content/uploads/products/123-p.jpg
202-KT (New Style),FUNNY SAYINGS KITCHEN TOWELS,"5 designs ""White Base, Herringbone""
 16"" x 26""
 Case Pack: 60
 Unit Price: $ 1.25 each
  
 ""Drink the Coffee, Do the Things""
 ""Just Roll With It""
 ""Love the Wine You're With""
 ""Wine Not?""
 ""Live, Love, Bake""
",$75.00,instock,https://www.livingfashions.com/wp-content/uploads/products/202-kt (new style).jpg
106-P,WAVE TEXTILINE PLACEMAT,"4 Colors: Champagne, Gray, Gold, Light Blue
 13"" X 19""
 Case Pack: 72
 Unit Price: $ 2.00 each
 Weight: 580-600
  
",$144.00,instock,https://www.livingfashions.com/wp-content/uploads/products/106-p.jpg
989-WB,COTTON CANVAS SAYING WINE BAG ,"4 Designs - 5.25"" x 13.5""
 Case Pack:  72 pieces
 Unit Price: $0.95 each
  
",$68.40,instock,https://www.livingfashions.com/wp-content/uploads/products/989-wb.jpg
122-P,FARM FRESH TAPESTRY PLACEMAT,"3 Designs
 13"" X 19""
 Case Pack: 72
 Unite Price: $ 0.80 each
  
 - Match with item 822 R
  
 ""Life is Better on the Farm""
",$57.60,instock,https://www.livingfashions.com/wp-content/uploads/products/122-p.jpg
121-P,TONAL BORDER TEXTILINE PLACEMAT ,"4 Colors: Brown, Gray, Champagne, Silver
 13"" x 19""
 Case Pack: 72
 Unit Price: $2.00 each
 Weight: 580 - 600
",$144.00,instock,https://www.livingfashions.com/wp-content/uploads/products/121-p.jpg
133-P,FARM BORDER TEXTILINE PLACEMAT,"4 Colors: Black/Red/Navy Blue/White
 13' x 19""
 Case Pack:  72
 Unit Price: $ 2.00 each
 Weight: 580 - 600
",$144.00,instock,https://www.livingfashions.com/wp-content/uploads/products/133-p.jpg
140-P,MODERN TEXTILINES GRID PLACEMAT,"4 Colors: Black/Navy/Coffee/Mocha
 13"" X 19""
 Case Pack: 72
 Unit Price: $ 2.00 each
",$144.00,instock,https://www.livingfashions.com/wp-content/uploads/products/140-p.jpg
1130-R,DENIM RUG,"3 Designs
 20"" x 32""
 Case Pack: 18
 Unit Price: $ 5.00 each
",$90.00,outofstock,https://www.livingfashions.com/wp-content/uploads/products/1130-r.jpg
539-KPS,WINE TAPESTRY KITCHEN SET ,"60 Placemat; 36 Kitchen Towel; 24 Pot Holder; 24 Oven Mitt
 Case Pack: 144
 Unit Price: $ 0.80 each
  
",$115.20,instock,https://www.livingfashions.com/wp-content/uploads/products/539-kps.jpg
525-KPS,SUNFLOWER TAPESTRY KITCHEN SET,"60 Placemats; 36 Kitchen Towels, 24 Pot Holder, 24 Oven Mitt
 Case Pack: 144
 Unit Price: $ 0.80 each
  
  
",$115.20,outofstock,https://www.livingfashions.com/wp-content/uploads/products/525-kps.jpg
2288-KT,ALL SEASONS KITCHEN TOWELS,"2 Pack Set, 1 White Herringbone and 1 Dyed Waffle
 4 Designs - 16"" x 28""
 Case Pack: 48
 Unit Price: $2.50 each
",$120.00,outofstock,https://www.livingfashions.com/wp-content/uploads/products/2288-kt.jpg
1412-WC,TERRY WASH CLOTH WITH BORDER ,"6 Pack; 3 Color Combo
 12"" x 12""
 Case Pack: 48
 Unite Price: $ 2.25 each
 Weight: 1.1 lb/dz
  
",$108.00,instock,https://www.livingfashions.com/wp-content/uploads/products/1412-wc.jpg
2525-TB,TOTE BAG ,"4 Assorted Colors
 14"" x 19"" x 7""
 Case Pack: 48
 Unit Price:  $3.75
 Weight: 410 GSM, 12oz
  
",$180.00,instock,https://www.livingfashions.com/wp-content/uploads/products/2525-tb.jpg
4880-TB,Canvas Printed Tote Bag,"4 Assorted Designs and Colors
 Curved top, Webbing Handles
 23"" x 18"" x 9""
 Case Pack: 24
 Unit Price: $ 4.00 each
  
 ""Pray""
 ""Adventure Awaits""
 ""Set Goals, Say Prayers, Work Hard""
 ""Glitter is Always An Option""
",$96.00,instock,https://www.livingfashions.com/wp-content/uploads/products/4880-tb.jpg
505-KPS,Pumpkin Patch Tap,"Black/White Checker Pattern
 72 PlaceMat, 48 KitchenTowel, 12 PotHolder, 12 OvenMitt
 Case Pack: 144
 Unit Price: $ 0.80 each
  
",$115.20,outofstock,https://www.livingfashions.com/wp-content/uploads/products/505-kps.jpg
845-KS,CHRISTMAS BOUQUET KITCHEN SET,"Kitchen Towel 36 , 2 Pk Pot Holder 18 , Oven Mitt 18
 KT-15x25”, PH-7x7"", OM-7x12”
 Case Pack: 72
 Unit Price: $0.80 each
",$57.60,instock,https://www.livingfashions.com/wp-content/uploads/products/845-ks.jpg
805-KS,MERRY CHRISTMAS PLAID KITCHEN SET,"KitchenTowel-48, PotHolder-12, OvenMitt-12 pcs
 KT-15x25”, PH-7x7"", OM-7x12”
 Case Pack: 72
 Unit Price: $0.80 each
  
 ""Be Merry Y'all""
",$57.60,outofstock,https://www.livingfashions.com/wp-content/uploads/products/805-ks.jpg
528-KS,SNOW & REINDEER KITCHEN SET,"Kitchen Towel 48, Oven Mitt 12, Pot Holder 12
 KT-15x25” / PH-7""x7"" / OM-7x12”
 Case pack: 72
 Unit price: $ 0.80 each
 Weight: KT/60g, PH/55g, OM/90g
",$57.60,outofstock,https://www.livingfashions.com/wp-content/uploads/products/528-ks.jpg
866-R,HARVEST BOUNTY TAPESTRY RUNNER,"4 Designs
 Item Size: 13""X72""
 Case Pack : 48
 Unit Price : $ 3.50 each
  
 ""Grateful, Blessed, Thankful""
  
",$168.00,outofstock,https://www.livingfashions.com/wp-content/uploads/products/866-r.jpg
F1124-KT,2pk Fall Flat Woven Kitchen Towel,"Set of 2 - 4 Designs
 Item Size: 16"" x 28"" 
 Case Pack : 48
 Unit Price : $ 3.00 each
",$144.00,outofstock,https://www.livingfashions.com/wp-content/uploads/products/f1124-kt.jpg
684-KS,Fall Plaid & Patch Kitchen Set,"48 Kitchen Towel, 12 Pot Holder, 12 Oven Mitt
 Item Size: KT-15x25”, PH-7x7"", OM - 7x12”Case Pack: 72
 Unit Price : $ 0.80 each
  
",$57.60,outofstock,https://www.livingfashions.com/wp-content/uploads/products/684-ks.jpg
184-P,FALL TAPESTRY PLACEMAT,"13""x19"" - 4 Designs
 Case Pack : 144
 Unit Price : $ 0.80 each
",$115.20,outofstock,https://www.livingfashions.com/wp-content/uploads/products/184-p.jpg
194-P,CHRISTMAS TAPESTRY PLACEMAT,"13""x19"",  
 Designs: 4
 Case Pack: 144
 Unit Price : $ 0.80 each
  
 Match with item 994-RX
",$115.20,instock,https://www.livingfashions.com/wp-content/uploads/products/194-p.jpg
117-P,SNOWMAN & WINTER SEASON PLACEMAT,"Item Size: 13""x19""
  Designs: 4
 Case Pack: 144
 Unit Price : $ 0.80 each
  
 Match with item 917-RS
  
",$115.20,instock,https://www.livingfashions.com/wp-content/uploads/products/117-p.jpg
172-P,CHRISTMAS PLAID PLACEMAT,"4 Designs
 Item Size: 13"" x 19""
 Case Pack: 144
 Unit Price : $ 0.80 each
  
 Match with item 972-RX
",$115.20,outofstock,https://www.livingfashions.com/wp-content/uploads/products/172-p.jpg
181-P,HALLOWEEN TAPESTRY PLACEMAT,"13""x19"" - 4 Designs
 Case Pack: 144
 Unit Price : $ 0.80 each
  
",$115.20,outofstock,https://www.livingfashions.com/wp-content/uploads/products/181-p.jpg
911-WB,TAPESTRY WINE BAG ,"3 Designs
 Master Pack: 72
 Unit Price: $ 0.80 each
  
",$57.60,instock,https://www.livingfashions.com/wp-content/uploads/products/911-wb.jpg
436-WH,MACHINE KNITTED RUNNER,"White Color - Set of 2 pieces
 16"" X 36""
 Master Pack: 72
 Unit Price: $ 0.80 each
",$57.60,instock,https://www.livingfashions.com/wp-content/uploads/products/436-wh.jpg
436-IV,MACHINE KNITTED RUNNER ,"Ivory color - Set of 2 pieces
 16"" X 36""
 Master Pack: 72
 Unit Price: $ 0.80 each
",$57.60,instock,https://www.livingfashions.com/wp-content/uploads/products/436-iv.jpg
418-WH,MACHINE KNITTED DOILY ,"White Color; Set of 2 Pieces
 12"" X 18""
 Master Pack: 72
 Unit Price: $ 0.65 each
",$46.80,instock,https://www.livingfashions.com/wp-content/uploads/products/418-wh.jpg
418-IV,MACHINE KNITTED DOILY ,"Ivory Color - Set of 2 pieces
 12""X18""
 Master Pack: 72
 Unit Price: $ 0.65 each
",$46.80,outofstock,https://www.livingfashions.com/wp-content/uploads/products/418-iv.jpg
415-WH,MACHINE KNITTED DOILY,"Set of 2 pieces
 Color: White
 15"" Round
 Master Pack: 72
 Unit Price: $ 0.65 each
",$46.80,instock,https://www.livingfashions.com/wp-content/uploads/products/415-wh.jpg
415-IV,MACHINE KNITTED DOILY,"Set of 2 pieces
 Color: Ivory
 15"" Round
 Master Pack: 72
 Unit Price: $ 0.65 each
",$46.80,instock,https://www.livingfashions.com/wp-content/uploads/products/415-iv.jpg
412-WH,MACHINE KNITTED DOILY,"Set of 2; White Color
 12"" Round
 Master Pack: 72
 Unit Price: $ 0.60 each
",$43.20,outofstock,https://www.livingfashions.com/wp-content/uploads/products/412-wh.jpg
412-IV,MACHINE KNITTED DOILY,"Set of 2; Ivory Color
 12"" Round
 Master Pack: 72
 Unit Price: $ 0.60 each
",$43.20,instock,https://www.livingfashions.com/wp-content/uploads/products/412-iv.jpg
7329-RE,ESSENTIAL TAPESTRY RUG RECTANGLE,"4 Designs
 20"" x 30""
 Master Pack: 24
 Unit Price: $ 3.50 each
",$84.00,instock,https://www.livingfashions.com/wp-content/uploads/products/7329-re.jpg
1095,CHINDI RAINBOW RUG,"5 Assorted designs
 20"" x 32""
 Case Pack: 36
 Unit Price: $ 1.60 each
  
",$57.60,instock,https://www.livingfashions.com/wp-content/uploads/products/1095.jpg
4060-BT,BATH TOWEL WITH MULTI BORDER,"6 colors
 27"" x 54""
 Master Pack: 24
 Unit Price: $ 3.70
 Weight: 12lbs/dzn
",$88.80,instock,https://www.livingfashions.com/wp-content/uploads/products/4060-bt.jpg
1411-WC,8PK TERRY CLOTH,"6 Assorted Colors
 12"" x 12""
 Case Pack: 48
 Unit Price: 3.50 each
 Weight: 1.08 lbs/dz
",$168.00,instock,https://www.livingfashions.com/wp-content/uploads/products/1411-wc.jpg
1330-BT,BATH TOWEL,"6 Colors
 24"" x 48""
 Case Pack: 24
 Unit Price: $ 3.00 each
  
",$72.00,instock,https://www.livingfashions.com/wp-content/uploads/products/1330-bt.jpg
180-P,MODERN BORDER TEXTILINE PLACEMAT ,"4 Assorted Colors (Blue, Gray, Tan, Champagne)
 13"" x 19""
 Case Pack: 72
 Unit Price: $ 2.00 each
 Weight: 580-600 GSM
",$144.00,instock,https://www.livingfashions.com/wp-content/uploads/products/180-p.jpg
167-P,CHELSEA PLACEMAT ,"3 Colors
 13"" x 19""
 Case Pack: 72
 Unit price: $ 2.00 each
 Weight: 580-600 GSM
",$144.00,instock,https://www.livingfashions.com/wp-content/uploads/products/167-p.jpg
162-P,AMERICANA TAPESTRY PLACEMAT,"3 Designs
 13"" x 19""
 Case Pack: 72
 Unit Price: $ 0.80 case
",$57.60,instock,https://www.livingfashions.com/wp-content/uploads/products/162-p.jpg
153-P,FLORAL TAPESTRY PLACEMAT,"3 Designs
 13"" x 19""
 Case Pack: 72
 Unit Price: $ 0.80 each
",$57.60,instock,https://www.livingfashions.com/wp-content/uploads/products/153-p.jpg
152-P,EASTER TAPESTRY PLACEMAT,"3 Designs
 Case Pack: 72
 Unit Price: $ 0.80 each
",$57.60,outofstock,https://www.livingfashions.com/wp-content/uploads/products/152-p.jpg
151-P,WINE TAPESTRY PLACEMAT,"3 Designs
 13"" x 19""
 Case Pack: 72
 Unit Price: $ 0.80 each
",$57.60,instock,https://www.livingfashions.com/wp-content/uploads/products/151-p.jpg
148-P,CAFE TAPESTRY PLACEMAT,"3 Designs
 13"" x 19""
 Case Pack: 72
 Unit Price: $ 0.80 each
",$57.60,instock,https://www.livingfashions.com/wp-content/uploads/products/148-p.jpg
145-P,COUNTRY ROOSTER TAPESTRY PLACEMAT,"3 Designs
 13"" x 19""
 Case Pack: 72
 Unit Price: $ 0.80 each
",$57.60,instock,https://www.livingfashions.com/wp-content/uploads/products/145-p.jpg
136-P,NAUTICAL TAPESTRY PLACEMAT,"3 Designs
 13"" X 19""
 Case Pack: 72
 Unit Price: $  0.80 each
",$57.60,instock,https://www.livingfashions.com/wp-content/uploads/products/136-p.jpg
132-P,FRUITS TAPESTRY PLACEMAT,"3 Designs
 13"" x 19""
 Case Pack: 72
 Unit Price: $ 0.80 each
",$57.60,instock,https://www.livingfashions.com/wp-content/uploads/products/132-p.jpg
659-OP,NAUTICAL PRINTED OVENMITS & POTHOLDERS SET,"3 Design; 36 Ovenmitt and 36 Potholders
 Case Pack: 72
 Unit Price: $ 0.80 each
  
",$57.60,instock,https://www.livingfashions.com/wp-content/uploads/products/659-op.jpg
9651-DC,CHECK DISH CLOTH,"2 Packs; 6 Colors
 12"" x 12""
 Master Pack: 144
 Unit Price: $ 0.80 each
 Weight: 0.88 lbs/dzn
",$115.20,instock,https://www.livingfashions.com/wp-content/uploads/products/9651-dc.jpg
9552-KT,CHECK KITCHEN TOWEL,"1 Pack; 6 Colors
 15"" X 25""
 Master Pack: 144
 Unit Price: $ 0.80 each
 Weight: 2.17 lbs/dzn
",$115.20,outofstock,https://www.livingfashions.com/wp-content/uploads/products/9552-kt.jpg
6661-KT,BAR MOP KITCHEN TOWEL,"1 Pack; 6 Colors
 16"" x 19""
 Master pack: 144
 Unit Price: $ 0.70
 Weight: 2lbs/dzn
  
 Match with item 3444-DC
",$100.80,instock,https://www.livingfashions.com/wp-content/uploads/products/6661-kt.jpg
6079-BD,BAR MOP DISHCLOTH ,"Set of 6 - White Color
 12"" X 12""
 Master Pack: 48
 Unit Price: $ 2.50 each
 Weight: 13.5oz
",$120.00,outofstock,https://www.livingfashions.com/wp-content/uploads/products/6079-bd.jpg
5667-DC,WHITE BARMOP DISH CLOTH,"3 Pack, White Color
 12"" X 12""
 Master Pack: 72
 Unit Price: $ 0.89 each
 Weight: 14 oz/dzn
",$64.08,outofstock,https://www.livingfashions.com/wp-content/uploads/products/5667-dc.jpg
5078-BK,BAR MOP KITCHEN TOWEL WHITE,"Set of 5; White Color
 16"" X 19""
 Master Pack: 24
 Unit Price: $ 3.50 each
 Weight: 1.9 LB
",$84.00,outofstock,https://www.livingfashions.com/wp-content/uploads/products/5078-bk.jpg
4760-DC,CHECK DISH CLOTH WITH MESH,"2 Packs, 6 Colors
 12"" X 12""
 Case Pack: 144
 Unit Price: $ 0.77 each
 Weight: 250 GSM
 80% Polyester; 20% Polyamide
  
 Match with item 3760 KT
",$110.88,outofstock,https://www.livingfashions.com/wp-content/uploads/products/4760-dc.jpg
4444-DM,CHECK MICROFIBER DISH DRYING MAT,"1 Pack; 6 Assorted Colors
 15"" x 20""
 Master Pack: 60
 Unit Price: $ 1.80 each
 80% - 20% Polyamide
  
  
",$108.00,instock,https://www.livingfashions.com/wp-content/uploads/products/4444-dm.jpg
431-DC,HARBOR STRIPE DISHCLOTH,"2 Piece Set, 6 Colors
 12"" x 12""
 Case Pack: 144
 Unit Price: $ 0.80 each
  
 Match with item 331 KT
",$115.20,instock,https://www.livingfashions.com/wp-content/uploads/products/431-dc.jpg
425-DC,SONOMA STRIPE DISHCLOTH,"2 Pieces; 6 Colors
 12"" x 12""
 Master Pack: 144
 Unit Price: $ 0.80 each
  
",$115.20,instock,https://www.livingfashions.com/wp-content/uploads/products/425-dc.jpg
411-DC,FARMHOUSE CHECK DISHCLOTH,"2 Pieces; 6 Colors
 12"" x 12""
 Master Pack: 144
 Unit Price: $ 0.80 each
  
 Match with item 311 KT
",$115.20,instock,https://www.livingfashions.com/wp-content/uploads/products/411-dc.jpg
407-DC,WAFFLE STRIPE DISHCLOTH,"2 Packs; 6 Colors
 12"" x 12""
 Master Pack: 72
 Unit Price: $ 0.80 each
  
 Match with item 307 KT
  
",$57.60,instock,https://www.livingfashions.com/wp-content/uploads/products/407-dc.jpg
3970-KT,PRINTED MICROFIBER KITCHEN TOWEL,"1 Pack; 4 Assorted Designs
 15"" x 25""
 Master Pack: 144
 Unit Price: $ 0.75
  
",$108.00,outofstock,https://www.livingfashions.com/wp-content/uploads/products/3970-kt.jpg
3760-KT,CHECK MICROFIBER KITCHEN TOWEL,"1 Pack; 6 Colors
 15"" x 25""
 Case Pack: 144
 Unit Price: $ 0.77 each
 Weight: 250 GSM
 80% Polyester, 20% Polyamide
  
 Match with item 4760 DC
",$110.88,instock,https://www.livingfashions.com/wp-content/uploads/products/3760-kt.jpg
359-KT,NAUTICAL TERRY PRINTED KITCHEN TOWEL,"3 Designs
 15"" X 25""
 Case Pack: 72
 Unit Price: $ 0.80 each
",$57.60,instock,https://www.livingfashions.com/wp-content/uploads/products/359-kt.jpg
351-KT,WINE PRINTED TERRY KITCHEN TOWEL,"3 Designs
 15"" x 25""
 Case Pack: 72
 Unit Price: $ 0.80 each
  
",$57.60,instock,https://www.livingfashions.com/wp-content/uploads/products/351-kt.jpg
3444-DC,BARMOP DISHCLOTH ,"6 Colors; 3 Pack
 12"" x 12""
 Master Pack: 72
 Unit Price: $ 0.95 each
 Weight: 14 oz/dzn
  
 Match with item  6661-KT
",$68.40,outofstock,https://www.livingfashions.com/wp-content/uploads/products/3444-dc.jpg
331-KT,HARBOR STRIPE KITCHEN TOWEL,"4 Colors
 15"" x 25""
 Master Pack: 144
 Unit Price: $ 0.80 each
  
 Match with item 431 DC
",$115.20,instock,https://www.livingfashions.com/wp-content/uploads/products/331-kt.jpg
315-T,RONI PLAID KITCHEN TOWELS,"4 Colors
 15"" X 25""
 Master Pack: 144
 Unit Price: $ 0.80 each
",$115.20,instock,https://www.livingfashions.com/wp-content/uploads/products/315-t.jpg
311-KT,FARMHOUSE CHECK KITCHEN TOWEL,"6 Colors
 15"" X 25""
 Master Pack: 144
 Unit Price: $ 0.80 each
  
 Match with item 411 DC
",$115.20,instock,https://www.livingfashions.com/wp-content/uploads/products/311-kt.jpg
310-C,MATTY DISHCLOTHS,"2 Pieces; 4 Colors
 12"" X 12""
 Master Pack: 144
 Unit Price: $ 0.80 each
",$115.20,outofstock,https://www.livingfashions.com/wp-content/uploads/products/310-c.jpg
307-KT,Herringbone Stripe Kitchen Towel,"6 Colors
 15"" X 25""
 Master Pack: 72
 Unit Price: $ 0.80 each
  
 Match with item 407 DC
",$57.60,instock,https://www.livingfashions.com/wp-content/uploads/products/307-kt.jpg
2732-KT,BIG CHECK KIT TOWEL ,"Set of 2 ""Sage/Mocha; Aqua/Chocolate; Dark Gray/Light gray; Red/Ivory""
 16"" X 26""
 Master Pack: 48
 Unit Price: $ 1.75 each
 Weight: 2.4lb
",$84.00,outofstock,https://www.livingfashions.com/wp-content/uploads/products/2732-kt.jpg
2222-DM,MICROFIBER DISH DRYING MAT,"1 Pack; 4 Designs
 15"" x 20""
 Master Pack: 60
 Unit Price: $ 1.80  each
 100% Polyester
 Thickness: 0.5cm
  
  
",$108.00,outofstock,https://www.livingfashions.com/wp-content/uploads/products/2222-dm.jpg
203-KT,INSPIRE SAYING KITCHEN TOWELS,"5 Designs -16"" x 26""
 Case Pack: 60
 Unit Price:  $ 1.25 each
 ""Linen Fabric, Flour Sack""
  
 ""Gather Here with Grateful Hearts""
 Bless the Food Before Us, the Family Beside Us
 & the Love Between Us""
 ""God Bless This Hot Mess""
 ""Dream, Love, Hope, Believe""
 ""Bless This Kitchen""
  
  
",$75.00,instock,https://www.livingfashions.com/wp-content/uploads/products/203-kt.jpg
1202-KT,KITCHEN TOWEL,"1 Pack; 4 colors
 15"" x 25""
 Master Pack: 72
 Unit Price : $ 0.80 each
 Weight: 2.1lbs/dzn
",$57.60,instock,https://www.livingfashions.com/wp-content/uploads/products/1202-kt.jpg
1201-DC,DISH CLOTH YARN DYED,"2 Pack Set; 4 Colors
 12"" x 12""
 Master Pack: 72
 Unit Price: $ 0.80 each
 Weight: 0.87 lbs/dzn
",$57.60,instock,https://www.livingfashions.com/wp-content/uploads/products/1201-dc.jpg
